channel_id,channel_name,profile_image,updated_at
732f6f16d20991243ec3f2d7afed8821,0영듀0,https://nng-phinf.pstatic.net/MjAyNTA1MDhfMTkx/MDAxNzQ2NjUxOTMwNTA5.0IZFiN74Bcxr09XsU0Cst2WBBavOK029uYyBhjbQ7Dgg.oo95MAim7eYDPtBAy_zzuoQFC8-Wxdu8NImMU_4y12Eg.PNG/IMG_0890.png?type=f120_120_na,2026-04-12 18:14:11
9381e7d6816e6d915a44a13c0195b202,LCK,https://nng-phinf.pstatic.net/MjAyNjAzMjdfMjI0/MDAxNzc0NTc5MjA5NjM5.khmGlVnjB3Zcf211YhaLpXQDVQ-EAutim5nl9BdimlAg.hB-XHhvJCri2xlArldiJv1lxG8bij-QFPt3RVNP0NTEg.PNG/image.png?type=f120_120_na,2026-04-12 18:14:16
06f0973dc983645a69d97a8ceab740eb,RIOORI 리우리,https://nng-phinf.pstatic.net/MjAyNDEyMDJfMjEy/MDAxNzMzMTQ3NDYwMDYy.dF7dNaDjGYDC_kNqau3dnBgrAF8RvtMUS98jxBSlOTIg.elfNqRVSf8Cluk0E8sOZtAdAH2PrNHThd99LTiSYHqYg.JPEG/%ED%94%84%EB%A1%9C%ED%95%84.jpg?type=f120_120_na,2026-04-12 18:14:20
dc7fb0d085cfbbe90e11836e3b85b784,강소연,https://nng-phinf.pstatic.net/MjAyNTA2MjRfMjcy/MDAxNzUwNzQxMjg2MzIz.xwgnQZwvO3Dp0Q5i-L8RNJ5mr0sAnS9z20dcJ4jO4Hgg.0cxXcwZpyaH5CAPBNC0rr2PX46i5Xygyy7T0ABmI4b0g.PNG/KakaoTalk_20250624_133025091.png?type=f120_120_na,2026-04-12 18:14:24
b5ed5db484d04faf4d150aedd362f34b,강지,https://nng-phinf.pstatic.net/MjAyNDA1MDRfODUg/MDAxNzE0NzkwMjMzNjYz.cGE7n_b7Tm0JR9CP3--tcALmEYOPlSc1EHBsYQBbwYIg.XA910LqWFiY_HGYtxcSSgR8fjh1FtnBvKLnSm1-i_SEg.PNG/xczxczxc.PNG?type=f120_120_na,2026-04-12 18:14:28
1a1dd9ce56fb61a37ffb6f69f6d5b978,강퀴88,https://nng-phinf.pstatic.net/MjAyNTAzMzFfMjE4/MDAxNzQzMzQ3MzE4NDc1.abOX8IPcWdDpnsVq5pp3vGM-gbGU-oy2dPIeCbMn3Tgg.4ao2j0LpR4bVGUhYhSvv1Kq9oDLrDGDxPyDjRQR6kXUg.PNG/%EC%A3%A0%EC%A3%A0%ED%94%84%EC%82%AC.png?type=f120_120_na,2026-04-12 18:14:32
a9a343510e132ea3026ff3cf682820b5,계춘회,https://nng-phinf.pstatic.net/MjAyNjAxMDhfMjU4/MDAxNzY3ODY4NTEwMzE4.3sH2ZgHWyetWK__yLtvG94y_DxX_H-7_QSE5DYfRmtsg.rXHOr045NnojLQDOKB1BuPF7NqKOFx1lJLoX38NAhr0g.PNG/image.png?type=f120_120_na,2026-04-12 18:14:37
1343a0e30ff0acb09f2477a698d070a4,고수달,https://nng-phinf.pstatic.net/MjAyNTA0MjJfNTUg/MDAxNzQ1MjUyNzMzOTk3.xCkBEGY0Tl0E-8sQewd7RpA98lb7BHqaVTizsxlQhEIg.dN5-Ty81CZ3TQZhAjZXV4cV2-YWjSopWgVoRvAe_vFQg.JPEG/11111111111111111111.jpg?type=f120_120_na,2026-04-12 18:14:41
93fe884808459fb4e4a3c7d64f0eef03,고차비,https://nng-phinf.pstatic.net/MjAyNTA0MDJfMTMy/MDAxNzQzNTk1MjA3ODI4.bRApNChvgi2ZbZmAYmk_p287QEWYaX6Hq6ie26K1lAsg.A1IQLLuxFULRUQ7flezcegJiU336FeA7-vW07I1lHqYg.PNG/%ED%94%84%EB%A1%9C%ED%95%84.png?type=f120_120_na,2026-04-12 18:14:45
c7ded8ea6b0605d3c78e18650d2df83b,괴물쥐,https://nng-phinf.pstatic.net/MjAyNDAxMjlfMzkg/MDAxNzA2NTMxMzQ1Nzkx.4gWW7mvPJ4VPeQ-2lKiJ0oP9aGdUWzlU3QhPaGDg6nQg.5QXsCUrhprxH3gEIhP5lRVqb24K6CKkt91t41dbiq1Ug.JPEG/%EA%B4%B4%EB%AC%BC%EC%A5%90.jpg?type=f120_120_na,2026-04-12 18:14:49
a9ab391cdd3faef4ca2ee782e96e5c59,김나성,https://nng-phinf.pstatic.net/MjAyNDA5MDdfMjQg/MDAxNzI1NjgyMTY5Mjc2.lVW6VVQxGbeHC4RbTqyQSHcCLpi-lbVuh65tlEQvGFwg.X5COuHWQifU2c0YgZvXXIHqXcpsxRFV_x-FHvr2njfsg.PNG/%ED%94%84%EC%82%AC.png?type=f120_120_na,2026-04-12 18:14:53
17aa057a8248b53affe30512a91481f5,김도,https://nng-phinf.pstatic.net/MjAyNTA4MjBfODQg/MDAxNzU1NjE3MjU4NjU2.6ILkpvNLMCDCvcv7tZbKhSxvxMZtNQIBC5M7cVcn_3wg.YZyznLwQ3GDUh73TSEtyvAeNnxeMCEy2vdu8uZAcH7Ag.PNG/profile1.png?type=f120_120_na,2026-04-12 18:14:58
2eee29ce69664154d8bc478825941259,김뚜띠,https://nng-phinf.pstatic.net/MjAyMzEyMTlfMTQ2/MDAxNzAyOTU5NDM1MDc1.rp9Q9Tgp22QoKjFrpryu25ZxDlTkpGTpGgSMtICAQoMg.64wDZKfz7XA1PWs0oy1rQyVv4P6gqm-E8LV0mGfEtygg.PNG/%EA%B5%BF.png?type=f120_120_na,2026-04-12 18:15:02
17f0cfcba4ff608de5eabb5110d134d0,김뿡,https://nng-phinf.pstatic.net/MjAyMzEyMTlfMzcg/MDAxNzAyOTY4NjcwMjQ0.5fcfhD3T5AK6edg7cKG8JHE9-aCPAOMEhuwXnWDg7pMg.zQb1rOPvTtPWo4IEWuVt2Gye5GxWwdFVrRfd2iRGvAgg.PNG/%EC%97%86%EB%8A%94%EA%B1%B8%EB%A1%9C%EC%81%AD.png?type=f120_120_na,2026-04-12 18:15:06
a02dc370efd2befeac97881dc83f11bb,김츠유,https://nng-phinf.pstatic.net/MjAyNDAzMDJfMjAw/MDAxNzA5MzEzOTY5NzYx.bHpBjU8MhzT_G4OaIQI-YiPMZYBa8TughTZL51GjsGQg.zLBZZnBCuaABci-fjaxj5wxMHi_gCO96TUWAjXs6amIg.GIF/20231208-0011-1.gif?type=f120_120_na,2026-04-12 18:15:10
5f807c1006bc620bcd7f27e7cbd31be0,김한유,https://nng-phinf.pstatic.net/MjAyNDAyMDJfMTUx/MDAxNzA2ODM1OTE3MjIz.VEGLfTOusm73DqEZGVM8pG7PyCd599vTzhTcjyRw9fUg.l9_dEZpU3kCo-xYf-wwomUm5vtAwQZIKUbPYsF0o_CMg.PNG/%EA%B9%80%ED%95%9C%EC%9C%A0_4.30.png?type=f120_120_na,2026-04-12 18:15:14
effe648202c8f7fba081c2f2aeea1979,꼴랑이,https://nng-phinf.pstatic.net/MjAyMzEyMTlfMTk3/MDAxNzAyOTY1MjI2Njk4.PMXQJKEWD7MBYtU1VJgfnS6P6SQQLn-YgCgjHRqexzgg.2W1KbylFeA3VsYrMhtzxvOZY6QdcUTH-APMhL7PzFQQg.JPEG/%EC%8A%A4%EC%9C%84%EB%B0%8D%EB%82%98%EB%AC%B4%EC%A0%9C.jpg?type=f120_120_na,2026-04-12 18:15:19
80b36a0ae8e887e893ce0014dbfece4a,나나양,https://nng-phinf.pstatic.net/MjAyNTEyMjZfMjE0/MDAxNzY2Njc1ODY2NjU2.h-kj--Bozl_5DZIGQ8og5090JbE-2ninmvV5gGJuds4g.9ANgqiTmSdarXnZosOKal7C-M0WFgweKkrz9G3VS4SYg.PNG/image.png?type=f120_120_na,2026-04-12 18:15:23
ac6a03808bffbe58b3bfb0e25271836e,남봉,https://nng-phinf.pstatic.net/MjAyNTA4MDZfMjMx/MDAxNzU0NDc4MTczMjQz.Cf57HuMuaEAcLlBbEzZiJnJLULHdo5kkKbd71a-9UeUg.9mKZjA4qonjI3B0oyEg6pN6rUR9t6mX6THYbqFmoPywg.PNG/%EB%82%A8%EB%B4%89%EB%B2%84%EC%B8%84%EC%96%BC%ED%94%84%EB%A1%9C%ED%95%84.png?type=f120_120_na,2026-04-12 18:15:27
af3323d30e11ae42c39d7203c7e07fa2,너불,https://nng-phinf.pstatic.net/MjAyNDAyMjlfMjcz/MDAxNzA5MjE0NDYwMzEy.dQvgcBdhcAdX8cAx0YgzS0YMrakV3Z4ss6Mz1b5DfUcg.yuS4A_DBGE7z1BGuBpEyZnE7FnQUx1jk1VhBhkTpHBYg.JPEG/IMG_3079.jpg?type=f120_120_na,2026-04-12 18:15:31
4515b179f86b67b4981e16190817c580,네네코 마시로,https://nng-phinf.pstatic.net/MjAyNjAyMjhfMTg2/MDAxNzcyMjU1NTg2NTQz.Z6ersUy28FrZwzIF713cz_B6f-PXTcIsAk1ioLaslFAg.VDC-dXCG2l5LkFRUFHsNyPHFTqgDGsctJIII0EUNCIsg.JPEG/image.jpg?type=f120_120_na,2026-04-12 18:15:35
f20881fce506174330ecb58342c4c70d,노페,https://nng-phinf.pstatic.net/MjAyMzEyMTlfMzMg/MDAxNzAyOTY5MTUzODMy.3oV1r8dGSsMUg3nbIL2e7R0GgefZUTaZl8ZB7xy_BTYg.CvYwgm48YHGYjtVbDrFLDyuWk7Fo5wB5wFcKw2yJM2gg.PNG/KakaoTalk_20231219_155830832.png?type=f120_120_na,2026-04-12 18:15:39
6e06f5e1907f17eff543abd06cb62891,녹두로,https://nng-phinf.pstatic.net/MjAyMzEyMTlfMTc2/MDAxNzAyOTc3NjA0NTc4.Vd9lD67bKMJbZS8aBvyX8KjDqKLCR9zCuhxGilqhSEQg.Pdsam1-hUc0QiCEjOmOm6-bbwHeLXBQ2W_udwZOzyskg.PNG/2.png?type=f120_120_na,2026-04-12 18:15:44
6fccf2c08f2e9f801fc3152a8923e1c2,눈파티입니다,https://nng-phinf.pstatic.net/MjAyNDAxMDJfMTg4/MDAxNzA0MTI4Mjk2MDI2.Rk7ydDxm5OrMKoO8TuH1XhtUROKos_CHPL7qR4kKXAUg.RlO1emQUcODALYqRfA2waU_4SytK3fMs63M22asBrGIg.JPEG/KakaoTalk_20170622_002508807.jpg?type=f120_120_na,2026-04-12 18:15:48
bdc57cc4217173f0e89f63fba2f1c6e5,다주,https://nng-phinf.pstatic.net/MjAyNDAxMDFfNDIg/MDAxNzA0MDc3OTAxNTEw.BFkbuXeeAI7VHdH4iWFNwhRO8J9gnSqlLQczMUPWU-4g.kUOuvYabUvpL347-O5mofCGz3h58DrvCNgHWky1mGmcg.PNG/e19ac520d13f081f-profile_image-300x300.png?type=f120_120_na,2026-04-12 18:15:52
a67b328bcc8eea4451ccfa754bc19ae1,달콤레나 씨,https://nng-phinf.pstatic.net/MjAyNjA0MDlfMTI3/MDAxNzc1NjY1MDY5ODU0.rkFJkjnyXc5nB7zU5bDPc_2hW2u-jAYL1JUQK5PI1xkg.BjDG3LUVSiASGTM4VaH0US6R7RpyvNmzqz9Eh88dUEcg.PNG/image.png?type=f120_120_na,2026-04-12 18:15:56
dc740d5bb5680666b6bf2ebc58a8203f,던,https://nng-phinf.pstatic.net/MjAyNDA0MTBfMTg5/MDAxNzEyNzU3NTM2OTUx.vZi3sgO7EFmwr9X05_yN0mTpgghvdN-GaDd-7SFdOFgg.1xqt35_cq0svKlI-9yWOWtkmeR0ZvUK_Vjt4Qk8zEqMg.PNG/ssss.png?type=f120_120_na,2026-04-12 18:16:00
b68af124ae2f1743a1dcbf5e2ab41e0b,독케익,https://nng-phinf.pstatic.net/MjAyNjAzMjBfMTkz/MDAxNzczOTM0NjkwMDUy.QeRV1OyWfSPYA-slS-_wtYXnDJNyna_FnUsx7u9L1v0g.L7iFOPXmezSjLlMQ5VKcKtIc9Q4Bfv90gpdTON8VgRQg.GIF/image.gif?type=f120_120_na,2026-04-12 18:16:05
1b0561f3051c10a24b9d8ec9a6cb3374,둥그레,https://nng-phinf.pstatic.net/MjAyNTAxMThfMTc3/MDAxNzM3MjAwNDEwNDEz.3HR0Dgho-J8f52wL76yNcAdxK23Fpn0sgn0PrliTEA4g.5lGwprVCWWgRugT5FFARxJkScJ374zwoBh0wVx73OKEg.PNG/178E770E-723D-42F1-AFF5-0F225ABF0B2A-1737200410.png?type=f120_120_na,2026-04-12 18:16:09
0dad8baf12a436f722faa8e5001c5011,따효니,https://nng-phinf.pstatic.net/MjAyNTA4MTFfMjMy/MDAxNzU0OTEyMjY1MDc4.mARd5LYxanGQXjxIDx3Wdi4G09HSF9_QqNKK5BsiL9kg.Y9xQFoaxZHNk2hvC_CyMVOB_8atqZmIiHN3j2A4Gwv4g.PNG/image.png?type=f120_120_na,2026-04-12 18:16:13
8a933cb3a86c52aadb2483aa4eed72aa,라코코 RAKOKO,https://nng-phinf.pstatic.net/MjAyNjAxMTlfMTIx/MDAxNzY4Nzc2NTU1NDA2.tQiYJGxkX6SkrPFRCYQJDOABkTweJjDaYGjH3H0M2rgg.QdaAWvE5iouzJth2WDaOztXCErOqkB64XXO-4KhaFMsg.PNG/image.png?type=f120_120_na,2026-04-12 18:16:17
5fa7a876b66aca4903d1697582df124d,램램1,https://nng-phinf.pstatic.net/MjAyNTEyMjVfMjIx/MDAxNzY2NjY4OTc1NDgz.gIzVFz5VQMO8F8vCCCRj56j_WWonD2w0w61zi64Rv_Qg.6G7JOiN-ZORe8WbGYDl91bpRzw-LHpV_YLPyWuFhxHMg.PNG/image.png?type=f120_120_na,2026-04-12 18:16:21
19e3b97ca1bca954d1ac84cf6862e0dc,러너,https://nng-phinf.pstatic.net/MjAyNjA0MDJfODgg/MDAxNzc1MDk2MzgzMTky.PnClq6PcD5_vCqkcwcDNTbe_55agPIsj60VLZ216Ay4g.gfqxdERyx29E1UqE1RWjlS50MtoyrZ96P0lDR84Y1Psg.PNG/image.png?type=f120_120_na,2026-04-12 18:16:26
8803cee946a9e610a76fbdee98d98c61,룩삼,https://nng-phinf.pstatic.net/MjAyMzEyMjFfMiAg/MDAxNzAzMTM1OTI3MjE0.btywvKre6LPS3bCiCA9HVYfZB5VBbtLEkwn76tAN_7cg.L6Fc8ILCjRdr88LNM0xiNlYDTXoCpxhiwvenb-BSNLgg.JPEG/%EB%8B%A4%EC%9A%B4%EB%A1%9C%EB%93%9C.jpg?type=f120_120_na,2026-04-12 18:16:30
f36320c432d9f06095ce2cfbbf681c26,류시호 RyuSiho,https://nng-phinf.pstatic.net/MjAyNTA5MDZfMjIz/MDAxNzU3MTI4OTY1NTEy.wnN5xjhr-BmP3_F-O1OL0Wk9KPxKyA-gyyokGDMOdH4g.gvxBbxk-1GSuVzcEQJjLyb3bQalDK8NvA6bZJGJDghgg.PNG/3A1BF095-E040-498C-87F5-9DDC621A2DA1-1757128965.png?type=f120_120_na,2026-04-12 18:16:34
4d0b7d3f825ea982b95f0a5c2b4782d3,릴카,https://nng-phinf.pstatic.net/MjAyNjAxMTFfMTg1/MDAxNzY4MDcyMzMzOTYy.TCtWNPtD3XwpumxDd4C1aWTmKSzQzUzJkxjtnZwbydMg.-OOoYOh_-zvWs4efIfuiVkN6J4d-XcCLyxQzSjrwZHsg.PNG/image.png?type=f120_120_na,2026-04-12 18:16:38
0a0a0b83c6af289507ef57a5f3d623c0,멀럭킹,https://nng-phinf.pstatic.net/MjAyMzEyMjVfMjkw/MDAxNzAzNDg1Mzc0NjU3.Gp5ieYcL5djfeLBvq1yp9dHw1zmkr7btolBFLdEsZ_Yg.sfs7CJDQPQK8Ih7Lrb6wpuVHlkIKFIckxMH72KwlOkYg.PNG/sizer0346-profile_image-64667645429d384d-300x300.png?type=f120_120_na,2026-04-12 18:16:42
29f20622463916fa48ad735057b145ce,멋사,https://nng-phinf.pstatic.net/MjAyNDAxMDJfNjUg/MDAxNzA0MTkyMzI1MzY5.61wfMebfwgpDvH1vha-f7XUfQxXXcj51LKATMO_vicAg.3ntP8Eq8NZAkAOk1ev77vrN53A5WT6-9iNrlVmW62wcg.PNG/photo_0.PNG?type=f120_120_na,2026-04-12 18:16:47
5d53f8fa5bef9b1bd4dc884f9907c079,명예훈장,https://nng-phinf.pstatic.net/MjAyNDAzMDlfMjgz/MDAxNzA5OTcyMjE4MzE4.tazj8FnBUJm3wdTIvF2c_J0DiXPfEFC811J74rBHU6gg.LNbEKg4Dc4kxfTvtTHbBRMiOEezBmsPT3zwmvv6q8qsg.JPEG/ddd.jpg?type=f120_120_na,2026-04-12 18:16:51
6bd0bb97d31365e7834d8113bb01d889,모라라,https://nng-phinf.pstatic.net/MjAyNTA4MjZfMTk2/MDAxNzU2MjA1OTk0NDUx.1UdMqIKKpoDZpcHMPdT3HX37_L6Xm3V6eKScD2vFjLYg.48n5uFnCKWnIjnizVvchmEBMFQ8tSp58KZ67gavchZ0g.PNG/%ED%94%84%EC%82%AC2.png?type=f120_120_na,2026-04-12 18:16:55
1d333ff175b4db5bd06f87a88579ec1e,모잉,https://nng-phinf.pstatic.net/MjAyNTExMjFfNjQg/MDAxNzYzNzEyNjUzODE0.A1BqJmc9VNiOhg7exr4vIp8s5oLeA7Eq_MZo6nHABiAg.iH70WGT3EodZQDnSRUWzztz38y31jMWJGK13HwifCkog.PNG/image.png?type=f120_120_na,2026-04-12 18:16:59
affa78deac0b23d2046b8ed4856c1e62,모카형,https://nng-phinf.pstatic.net/MjAyNDA3MTRfMjg3/MDAxNzIwOTQxNjg2MzQ4.xdG-Zz-eRou5WdXvkQvn8k5Qxd2ezn0qeI8gmOhuYTIg.jKcQk19bO--ZOCFK9bRu9Mv0X7mKGEHlJ8yCu9-zj_wg.PNG/%EC%BA%A1%EC%B2%98.PNG?type=f120_120_na,2026-04-12 18:17:03
c7d3b49d29be2d2b1d74ba8403f5851a,미녕이데려오깨,https://nng-phinf.pstatic.net/MjAyNjA0MDFfOTEg/MDAxNzc1MDU0MjE1MTIz.kSqArBDBfbT2lXHMQUdIc5jb_cTAv6YIOFkz_gXqcm4g.NcNcw6zTaawkqCe3_5t1go8E_XrxHLdSWH_obAwcYqMg.PNG/image.png?type=f120_120_na,2026-04-12 18:17:08
554e99695decc451d57788b1fd5d5c07,배돈,https://nng-phinf.pstatic.net/MjAyNTA0MDNfMTk2/MDAxNzQzNjkxNzE2NzQx.5jV1u4LjiJ12jSUoIfatD84OUPyYgThSpJQdduyMkxsg.2BpElal-ahxQG2IpVNjWlHv0yN9mj2GMGe1Tfr6IaZkg.PNG/22.png?type=f120_120_na,2026-04-12 18:17:12
dae2de8eaa005a59163f2e4c045e1aa1,블레어 로즈,https://nng-phinf.pstatic.net/MjAyNTA5MDZfMjYy/MDAxNzU3MTI4NzY5OTc3.ao48f0OzlCyLgVJKlq_GUf0yYJFnQsYaD_RkF3_XPpQg.d8vUcdxleoU08PncoeQGb6ppY747Cffkx6KQogQSC7Ug.PNG/A1236174-F196-40F7-BD8A-D6DC0DC19067-1757128768.png?type=f120_120_na,2026-04-12 18:17:16
ca1850b2eceb7f86146695fd9bb9cefc,빅헤드,https://nng-phinf.pstatic.net/MjAyMzEyMTlfMzYg/MDAxNzAyOTcwODY1OTUy.1hHkqzH-zyEhyW2EJNfj1q6r7XTDeQNNqL_owQQ6AFwg.mCjDaHbdF0jjfhB2PvFuFJLxL9jQ-PV0oSLLDRXoGLUg.GIF/popHEAD.gif?type=f120_120_na,2026-04-12 18:17:20
36ddb9bb4f17593b60f1b63cec86611d,사키하네 후야,https://nng-phinf.pstatic.net/MjAyNTEwMDZfMTM5/MDAxNzU5NzM1NzcwMzYy.rHebaUJodSd6OzknaidIRjQOJ4S9c3cHA9THL0ZCFjcg.YELyoLQuwQV0rjgKihBPS0KpcSwMsNwynTo8KK8-w00g.PNG/image.png?type=f120_120_na,2026-04-12 18:17:24
1c231568d0b13de5703b3f6a5e86dc47,삼식,https://nng-phinf.pstatic.net/MjAyMzEyMjBfMTgy/MDAxNzAzMDI4MjQ1MjQ5.4I1ZqbduWoekk9hYGsEhC8Yh_WRN0UnpIZtd0Gy1cuYg.jYhht3ba43wFjKCfRX1uGONkRHZHDZP9KyzOa-aRrAUg.JPEG/%EC%82%BC%EC%8B%9D_%ED%8A%B8%EC%9C%84%EC%B9%98.jpg?type=f120_120_na,2026-04-12 18:17:29
feb20a676694b1163fed010da0848303,샘웨,https://nng-phinf.pstatic.net/MjAyMzEyMDZfODMg/MDAxNzAxODQ2NjAwMzg5.4Dr_2sppVhg92AH1gVB6HGaYdRGNcGJd_XaC1R390vEg.mtpWu4NUbXBBFAGQWLi8kZhBmfPOcRwc9uaS-WZqhbMg.PNG/%ED%94%84%EC%82%AC1_%28256x256%29.png?type=f120_120_na,2026-04-12 18:17:33
5777797bab18388e7044ed7bac3c56c8,서넹,https://nng-phinf.pstatic.net/MjAyMzEyMTlfMTMz/MDAxNzAyOTU5OTUzNzAx.EgFT_odne3NeV7MAcP6vvOUptwlPNut0YCvhRQijBckg.9q7feFbKNIrN3MkQyBYnIvQwgJUuZoyA8lbpPi3yiy8g.JPEG/unnamed.jpg?type=f120_120_na,2026-04-12 18:17:37
458f6ec20b034f49e0fc6d03921646d2,서새봄냥 SEBOM,https://nng-phinf.pstatic.net/MjAyMzEyMThfMTU0/MDAxNzAyODY5MDk1NTY1.oTT5XMYykEunzMRCJToJl5Fl7DUzs4QEGvjshF2E87cg.OJrKteepM6J4JyAkcNvGSG4b2bSO9h9BRu9uc07Oteog.JPEG/1702869083892.jpg?type=f120_120_na,2026-04-12 18:17:41
cd04c50c6ff488ac96f8900e26e5b993,소니쇼,https://nng-phinf.pstatic.net/MjAyNTA0MjZfMTcy/MDAxNzQ1NjY2MDk3MjAw.p0Mp9Lva3FfoXih5zsA0g2C1_Gq9LC12b6kNeCt1Xigg.1Tbk7Eq_as7r5GZwUpvgBeMCPX7ZX3kw6vd3sm0SzTQg.PNG/%EC%A0%9C%EB%AA%A9%EC%9D%84_%EC%9E%85%EB%A0%A5%ED%95%98%EC%84%B8%EC%9A%94_%285%29.png?type=f120_120_na,2026-04-12 18:17:45
fc00d47a77ed2d1156cd5997eba30310,소우릎,https://nng-phinf.pstatic.net/MjAyNDExMjdfMjE5/MDAxNzMyNjY3Njg5NDM0.8j3rtvugOXkN9FMjIBNxIIw2dQ2V_dm62_AaTLV-L3Ig.UvW54nb6XcJ22PKwT45mG9oM8vd6HEsovglMBpmsSUEg.JPEG/%EB%84%A4%EC%9D%B4%EB%B2%84_%ED%94%84%EB%A1%9C%ED%95%84.jpg?type=f120_120_na,2026-04-12 18:17:49
089185efc29a8fbe14ea294dc85f9661,소풍왔니,https://nng-phinf.pstatic.net/MjAyNjAxMTVfMjQy/MDAxNzY4NDY1NTM3Nzk3.CjrI7iA7aPNWhA1vZMwz2nN4bOuiJ4fS8MBbYPBIJgAg.QY29FNufZ1hpVzpx9CR2UbHeBUtgks9o0mZI_MRI4wEg.PNG/image.png?type=f120_120_na,2026-04-12 18:17:54
b044e3a3b9259246bc92e863e7d3f3b8,시라유키 히나,https://nng-phinf.pstatic.net/MjAyNjA0MDRfMSAg/MDAxNzc1MzA3MzI1MTA0.2y7by4MMPAy_kYPA6M6dCNdJ5CYm7LxS3xe3gd7v3c8g.FLghf6TBSIYt4iY9u1V4dpHmkHKvoHvEbN2GuD5H1JQg.JPEG/image.jpg?type=f120_120_na,2026-04-12 18:17:58
dcd75ef0f2c664e3270de18696ad43bf,쌍베,https://nng-phinf.pstatic.net/MjAyMzEyMTlfMTk1/MDAxNzAyOTYyODMwMjk5.4ZFVeyiMnFZN1LxYfLmyua402NJGJ-nPtwL7TKyrcBgg.7TpsVurMp20Fs6XHlRMUQf-JqmIu0PyNp2MolURABwQg.PNG/KakaoTalk_20231219_140925744.png?type=f120_120_na,2026-04-12 18:18:02
a6c4ddb09cdb160478996007bff35296,아라하시 타비,https://nng-phinf.pstatic.net/MjAyNjA0MDJfMTg0/MDAxNzc1MDYwOTg1NTc0.nMAf1Vlw395u_iFM5-dgy5yerUm3rSle14lvJNN29rIg.nLCkE13Cgmqv1J9QqvBVrvozSvCkMgbpwZnjRwgBJSgg.PNG/image.png?type=f120_120_na,2026-04-12 18:18:06
4de764d9dad3b25602284be6db3ac647,아리사,https://nng-phinf.pstatic.net/MjAyNjA0MDJfMTk1/MDAxNzc1MTMzNjk5OTc1.XifMFawEqJ9B4cqYDAF9pjn2VoUNaIahdyNDtqRnDMQg.IyGl56yQUJAtB5ohqq8mUM2wqjvQ4cf4--LpB4jvzFIg.PNG/image.png?type=f120_120_na,2026-04-12 18:18:11
45e71a76e949e16a34764deb962f9d9f,아야츠노 유니,https://nng-phinf.pstatic.net/MjAyNTAzMzFfMjQw/MDAxNzQzNDMwNTM4OTg4.Bam6imHvAZLBWT0GHFprz94iS5CaGFmVI9RoXktnY-4g.AkwRyhY_RhSGzEiBXTvs4pEyo7KxI4GmUd151O8cVcYg.PNG/%EC%9C%A0%EB%8B%883.png?type=f120_120_na,2026-04-12 18:18:15
516937b5f85cbf2249ce31b0ad046b0f,아오쿠모 린,https://nng-phinf.pstatic.net/MjAyNDA1MTVfMTUx/MDAxNzE1NzU5NDAyNjMw._KFvKTGvQ4J7L6G9zutnjrNpN3GxLRE7MNnxZ8AFwjkg.ssr7rO32NC1SPIZcGlRT2An_b8LvQHxwGAuEdtm1nXEg.PNG/STELLIVE_%EB%A6%B0.png?type=f120_120_na,2026-04-12 18:18:19
4325b1d5bbc321fad3042306646e2e50,아카네 리제,https://nng-phinf.pstatic.net/MjAyNjAxMTJfMzcg/MDAxNzY4MTU4NjM2MDIz.oQq0evg7PYwWZzfNpnS5JUrlz3yxK7MD0yCgDt6T1_gg.v5sGRjzuTx94hpZHBc_7iXLGAqgD3pgHmQ5MHxsfr_0g.PNG/image.png?type=f120_120_na,2026-04-12 18:18:23
8a59b34b46271960c1bf172bb0fac758,앰비션,https://nng-phinf.pstatic.net/MjAyMzEyMThfODUg/MDAxNzAyODkwOTExNjcx.eNZNw7jE2uVB9ONNgYbpeCICvQSLOKQoNkXXiN3PbSMg.crVP8eb-RB4UvCjfFxXWYVUrhnj6X_LBnbiabbhwo8gg.PNG/%EC%A0%9C%EB%AA%A9_%EC%97%86%EC%9D%8C-3.png?type=f120_120_na,2026-04-12 18:18:27
6ccaebc2569f62344c6fc257f8f2b9ad,엘시v,https://nng-phinf.pstatic.net/MjAyNjAyMDJfMiAg/MDAxNzcwMDQxMDA5OTE5.iGpluslDPntIraPLS-CPaAVfw1HFmUffcPq3bkaBXoMg.xueJx_wx_l-wFoUsW_2VCgw4JrA_Vtsz7qJUO1LmHqkg.PNG/image.png?type=f120_120_na,2026-04-12 18:18:31
3c9fe16c70cf2f4a5274fa69307f0f89,여까,https://nng-phinf.pstatic.net/MjAyMzEyMTlfMjAw/MDAxNzAyOTc5MTE4MTMw.MXfxQVKeuKjEFK_4jUvfYf4wEpB93BBY5exic7bEJLYg.O82OHmNR0qQL0S_NLcIKBJNfdrmcB5KNt_8P5RVEjQAg.PNG/1.png?type=f120_120_na,2026-04-12 18:18:36
0d027498b18371674fac3ed17247e6b8,옥냥이 RoofTopCAT,https://nng-phinf.pstatic.net/MjAyNTA3MDlfMjI5/MDAxNzUyMDEyMDI3ODQ5.TS-34t3a5CyWoHu3fhSJo9-3rS5bdpsOWm18Rs5P3ksg.k46b9ksOMDsd3vHSax1_SixbHFvQrePRf3rbrC0M9L4g.JPEG/RTC.jpg?type=f120_120_na,2026-04-12 18:18:40
912b559dcdd9c9ea1fe97864925738bf,왈도쿤,https://nng-phinf.pstatic.net/MjAyMzEyMDZfMjMg/MDAxNzAxODY4Nzk0OTY0.ZlCM7ObBgTzQeQmf3lhg12tvUuB3UZGlRS5q6Vf8blcg.RjP9uZ8ZG6eFUP7svGzV29Gd4y3qXArDhdPnCiX8DKUg.PNG/%EB%A7%8C%EC%84%B8%EC%BF%A4.png?type=f120_120_na,2026-04-12 18:18:44
aedecd121e2cf471fd8510f980cac8b1,운타라,https://nng-phinf.pstatic.net/MjAyNDAxMTBfNTkg/MDAxNzA0ODg1NDQxMDg2.s5Rj9R1cXNC3FwAQrnYGxQL_6t7D6h0kKyw8sbiMcmUg.jFACtQJa-OWvAFET5T_jDe1shfg2bYxvJF0v9LvhCHYg.PNG/%ED%94%84%EC%82%AC2.png?type=f120_120_na,2026-04-12 18:18:48
0b33823ac81de48d5b78a38cdbc0ab94,울프,https://nng-phinf.pstatic.net/MjAyMzEyMjBfNDkg/MDAxNzAzMDU1NjA1MTY2.bCUbi8bRvnKsF6Gmw_EIPrll1fPYTkJzTDo243vchEEg.JIYN6Ve8RVWFNqjdiwrEImVAAK4s-bNrJRRGA0ikM8sg.JPEG/%EA%B7%B8%EC%9C%BD.jpg?type=f120_120_na,2026-04-12 18:18:52
34ea2a834c0022212290c26ac5e170a1,웁,https://nng-phinf.pstatic.net/MjAyNTA1MDlfMjE1/MDAxNzQ2NzgxMjEzMDYw.VtNXlvBz5ywPMVCz47pr1pWlMynsaGR7nv5Yk_zfk2sg.q3bNUAC5cTd4lNYE-B9Ibz0HARyEvrVBDYywQA2-BAIg.PNG/ff01496529fad1de.png?type=f120_120_na,2026-04-12 18:18:57
3b572896d218c1626d7f3997edfec544,월드 오브 워크래프트,https://nng-phinf.pstatic.net/MjAyNDA3MTVfMTEz/MDAxNzIxMDI5Nzg5MzQ2.XNiYmXA2QXFgWOem1LTdhlm8FWuSREe19iDF2uTJcRAg.b9HpXITTLL7NmiPSesUOSR3ajujquo0LKLvjHHOscF0g.JPEG/SocialProfile_WoW-BfA_YouTube-Profile.jpg?type=f120_120_na,2026-04-12 18:19:01
8fd39bb8de623317de90654718638b10,유즈하 리코,https://nng-phinf.pstatic.net/MjAyNjAxMTFfODgg/MDAxNzY4MDYyMjk4MTg5.cyeP_FgjeBirqW4Y-tZ-9yFilWFLZYfX20BfI3pevE4g.ggyLmYSLY8tQGC4PI4YJoK8gPSO_5XmdNk1-wOP1LkIg.PNG/image.png?type=f120_120_na,2026-04-12 18:19:05
1ad5aa0f6c6741b072528fad5e5e76b1,윤가놈,https://nng-phinf.pstatic.net/MjAyNDA2MDhfMTEy/MDAxNzE3Nzg5NDQwODg2.IrawANNbSfnfS-pWdBCVVoncGQshl-DghnZhyM2u5Zwg.CsisQy6IGAVGINdkjP2tLD6az0pPxim4-EGEDF4TAYAg.PNG/%EC%9C%A4%EC%A7%84%EC%84%9D1.1_%EB%B3%B5%EC%82%AC3.png?type=f120_120_na,2026-04-12 18:19:09
0076a519f147ee9fd0959bf02f9571ca,이 다,https://nng-phinf.pstatic.net/MjAyMzEyMTlfMjMx/MDAxNzAyOTYxNDAyNDI3.vJJH93xg7qAawQ8IuGF29oJfGElcwpguPrHfAZ_DljEg.HHw3rV7GHlo5Gel3d1LmHGYYWAUuZsCXqoFTzD-LbLAg.JPEG/channels4_profile.jpg?type=f120_120_na,2026-04-12 18:19:13
aed9d6557bebfb21ab3d081b862cdd2d,이춘향,https://nng-phinf.pstatic.net/MjAyMzEyMjJfMjg0/MDAxNzAzMjQyNTE3MDk5.CuBTzC4M3BeLP9NYEY-p1rYTxW3qfyhTL_zNHI6qaUYg.ohdthdl_5mMiiLo29KGJ_rimQSVm1DNO8Z2dhuhtyugg.PNG/4CBB95E5-2793-46B3-A7D1-F2DD167452CA.png?type=f120_120_na,2026-04-12 18:19:18
d9c65c92b701450ff4e6c86b0ca7c932,이터널 리턴 공식,https://nng-phinf.pstatic.net/MjAyNjAzMDZfMjY0/MDAxNzcyNzc4NzE2Mjgw.k8H4eJbOYjYPHZ-NI3i43PXl1GNKCch_c8vGs6YvMWIg.y6Mee_hH39W9N-gBQgcBFJPKQ-sKVFUWM59tDre1r5Mg.PNG/image.png?type=f120_120_na,2026-04-12 18:19:22
47c49bff55111a6cfd30bb299e9d2e5d,인섹,https://nng-phinf.pstatic.net/MjAyNDEwMTVfMTU0/MDAxNzI5MDAwNzc5OTg2.m_dS377hiuCKT9yqAQeVizNx6frnV1bM6hbWr2Jcof8g.46Z9cogCgAqriBbSrnyWRFlO-2QdkW1n9gaOjsuouS8g.PNG/%EC%9D%B8%EC%84%B92.png?type=f120_120_na,2026-04-12 18:19:26
40adc722447978816ce04cf2f0a70590,재승샷 그리고 카이만,https://nng-phinf.pstatic.net/MjAyNTAzMjVfNjMg/MDAxNzQyODU1Mjc2Mjky.UD7a8rYAm2mwD27a72AHPpRoPyNsu30JULmqCCF8-ugg.OWdG-bQMinjpDhf2DS9go0mx-Z85hRfa-L7dn5oG9Tog.PNG/272cdab2f95243bec8375fad7bd46953.png?type=f120_120_na,2026-04-12 18:19:30
a9b3377345a2a37e68a6072ba5e77fec,정령왕임,https://nng-phinf.pstatic.net/MjAyNDAyMDNfMjY1/MDAxNzA2OTIzODM5MjE1.027VRzYGTX8lWrqmiTfRPeKK_UTYR1bN309TmzrK1rkg.8dsxZgiWKmKz9qwM0HXskOryRsll0lK4bpYLqek9Vhog.JPEG/KakaoTalk_20240203_102803316_02.jpg?type=f120_120_na,2026-04-12 18:19:34
e9c11510c1c6097a20b92ebcb289b26a,조강현 그리고 스틸로,https://nng-phinf.pstatic.net/MjAyNDAyMTdfMTkz/MDAxNzA4MTczOTQ5MDk0.BvVvXbVYxQiaOA23--S6Fm143Oh-uOb1w7NneIvkN3Eg.vJ4tePIELk1jon-dMVNA9GG93RIZ4SuECqC8LI3D2Ssg.PNG/23474110-0720-4776-869b-f05f9711fb78-profile_image-300x300.png?type=f120_120_na,2026-04-12 18:19:39
2086f44c7b09a17cef6786f21389db3b,지누,https://nng-phinf.pstatic.net/MjAyMzEyMTlfNTgg/MDAxNzAyOTk1OTUwOTYw.L2x45gGl5EWXkViGr04MDaZ04EQvUIc3TvTr_zW8irYg.F4Wi08nW5i8fjB4R9cqaCeaGiiBXt8E2ZccqhZBb71kg.JPEG/profile13.jpg?type=f120_120_na,2026-04-12 18:19:43
628cc9ec2a5a59cd238c0df9315e8ee0,진짜옥선생,https://nng-phinf.pstatic.net/MjAyNDAzMTRfNyAg/MDAxNzEwMzYyMjA3MzE5.EvaZllIEot8wDDeWmUIMytzFQaZFbxdH-LHhCe4pm9Qg.0VlG4S3zCnYCAXgmhUaCi8nCFgSUPaVzWdDLFEOXyIcg.PNG/1-removebg-preview.png?type=f120_120_na,2026-04-12 18:19:47
09f2c3d669fb6ef362f2d78029fc4300,쫀지,https://nng-phinf.pstatic.net/MjAyNDAyMThfMTQz/MDAxNzA4MjMwODYzOTY1.0NFeHOAqCuCD9Tzw9EaH3dlhnBp3o_W20OI7ueA4NY8g.FUORz5-WaeMs56n7iK0ZNO-XUqUBs-_Aawkt_t8qLz0g.JPEG/KakaoTalk_20240112_190452308.jpg?type=f120_120_na,2026-04-12 18:19:51
0e604eba7206f04b1e5f15e0a1cb2616,채현찌,https://nng-phinf.pstatic.net/MjAyNDAyMDFfODIg/MDAxNzA2NzMwNzI2ODEw.0UyeM0Vo0_ABYYA3CBBs7JmMdYSNgBF-DgzE8L5USw4g.cK4Q2CDlYatJ0iCvZ35Ry3NB4WXBNYM81y7mf0_uDAcg.JPEG/3.jpg?type=f120_120_na,2026-04-12 18:19:55
bb382c2c0cc9fa7c86ab3b037fb5799c,침착맨,https://nng-phinf.pstatic.net/MjAyMzEyMTlfMTU0/MDAxNzAyOTU0NDE3NDcy.ykWtgPCYsJ6bR0iGi-mDG8g4jKBPvD17onQV2StICPsg.crHkYsEsJBBCOlWj8Afiwg-FImH5hMtAk5CWMp9dZ4Eg.PNG/%EC%B9%A8%EC%B0%A9%EB%A7%A8-%ED%94%84%EB%A1%9C%ED%95%84-2023.png?type=f120_120_na,2026-04-12 18:20:00
32fb866e323242b770cdc790f991a6f6,카린,https://nng-phinf.pstatic.net/MjAyNDA3MDdfMjAg/MDAxNzIwMzM0MTk0MjAz.GRLFSI66ByerGVPBJmX7nC9WudQCO45VsXUxAvsbEMkg.J6DZpTBwgQMSpyTrunP4wbmZO71ce9oRN3WrLnOUye0g.PNG/1000053454.png?type=f120_120_na,2026-04-12 18:20:04
bee4b42475b5937226b8b7ccbe2eb2dc,칸데르니아,https://nng-phinf.pstatic.net/MjAyMzEyMDZfMjc0/MDAxNzAxODI5NTAwMzQ1.tWiGOf27WjmRWaBfM24lGMX9Qz5CJzEuzU0wvTnL4KUg.8O9cCU8LcyqE4LgJVQxGQkCzogF8M3X67yHfXVxw0Jog.PNG/%EB%B9%BC%EA%BC%BC.png?type=f120_120_na,2026-04-12 18:20:08
d158a142fba1039bf50733cb923b9338,콩택이,https://nng-phinf.pstatic.net/MjAyNjA0MTBfMjE1/MDAxNzc1NzU1NTk5Njc5.hsVsyolhtWgUKR_Xp7lpTBote0IiDeTx8dTbo2lGfxQg.GO8dNUx6M8WLKJpJ1R3rFlgAQ4-bi6QVmnuXbzb5NRkg.JPEG/image.jpg?type=f120_120_na,2026-04-12 18:20:12
26ae7850ad5b6b09ca864d482dc7fa50,큐베 CuVee,https://nng-phinf.pstatic.net/MjAyMzEyMTlfMTQ1/MDAxNzAyOTg5NDExMjI3.ZtBTqxhtGpbSlhO3yb_fybC7D4rd5uf5Ia2Yu5R3Gmgg.4HOcxkk47iqx6DhNHhPStudkjMpc6Vv13g-kBkE3eEEg.PNG/1.png?type=f120_120_na,2026-04-12 18:20:16
a7e175625fdea5a7d98428302b7aa57f,탬탬버린,https://nng-phinf.pstatic.net/MjAyMzEyMTlfNzEg/MDAxNzAyOTYzMjYyNzg0.p5NGvJ8O95i4qr34yZkV7ERB3ILAufDv-_5gCUmGgyAg.rHSlJvL9dDHVkuFLZcR46qtPa1QCEqDDelVJ60sLe1cg.PNG/ed86de06d353e32b.png?type=f120_120_na,2026-04-12 18:20:21
64d76089fba26b180d9c9e48a32600d9,텐코 시부키,https://nng-phinf.pstatic.net/MjAyNDA1MTVfMjg1/MDAxNzE1NzU5Njc2ODkz.F8_DECdU00CsDYOfqX8vbmhL2MRVGo9coPTcOQJ0Faog.bUoeQvj3S_Zjsc8n2VZQqnhmq3-5YDrHuZCHXxT7isQg.PNG/%EC%85%80%EC%B9%B41.PNG?type=f120_120_na,2026-04-12 18:20:25
1567d9b28732044e1c91f6b4c19c1e0d,통깡이,https://nng-phinf.pstatic.net/MjAyNDA0MDJfMjIx/MDAxNzEyMDYwMTQ5NTM3.y0km0U3AHi6Fp4BMKvAhuIO3FG_hscjAs34YuUV6anYg.v-q57rk2Y5JhQ9N8saDFGLfCnSZ5lZ-QGTvcLyPShuwg.JPEG/%EB%B2%84%EC%B6%94%EC%96%BC_%ED%94%84%EC%82%AC.jpg?type=f120_120_na,2026-04-12 18:20:29
42597020c1a79fb151bd9b9beaa9779b,파카,https://nng-phinf.pstatic.net/MjAyNDAyMTRfNDMg/MDAxNzA3OTA5MTQ5NDU4.G5K-PKWURUPk7PC42iPSXn6YSOBF2I2PAW1Smzt0Wk4g.nwSoSF4VAZshbbuf2ksHk68NA5dZTqhFequVgvGWEHgg.JPEG/333333.jpg?type=f120_120_na,2026-04-12 18:20:33
f39c3d74e33a81ab3080356b91bb8de5,포셔,https://nng-phinf.pstatic.net/MjAyMzEyMTlfMTQg/MDAxNzAyOTk0MDY3MDk4.AYCG30jnoir18ozbTkq9465vMk6hTGAJphCJrz9Qo2sg.0TTspJJqQV5hJEutSeNt6vdX3Mc0XcFzpYFY8NNWkp4g.PNG/KakaoTalk_20231219_183937840.png?type=f120_120_na,2026-04-12 18:20:37
7ce8032370ac5121dcabce7bad375ced,풍월량,https://nng-phinf.pstatic.net/MjAyMzEyMjBfNzgg/MDAxNzAyOTk5MDU4NTQ1.q74UANafs4egu_GflqIXrKZvqweabjdsqb3q7F-vEPEg.0DlZf3Myopu6ITUmTkOYLU-GKcBLotgKn61A0o9ZAN4g.PNG/7d354ef2-b2a8-4276-8c12-5be7f6301ae0-profile_image-600x600.png?type=f120_120_na,2026-04-12 18:20:42
8b3e8e3a13201cff0836c69cfab62f45,플레임,https://nng-phinf.pstatic.net/MjAyMzEyMjBfODMg/MDAxNzAzMDU2MDE2MDU3.vfDZPNp8d4Lv191HrM6CPV6HRGCqthiKusM21rXQQSIg.HKzaJikdhNVqDTWIHGL7pCVSfZq80FuuCEqXx17VHMgg.PNG/i8271963014.png?type=f120_120_na,2026-04-12 18:20:46
c100f81959d1c17044be0541eed56f5b,피닉스박,https://nng-phinf.pstatic.net/MjAyNDAyMDNfMTE3/MDAxNzA2OTUxMjkzMjQ4.3B2KxxTyEpzfCKZTKouycd8ZwRn7CmZG8d8TFz9HZhwg.DWNZZLS2JZD5WYVnHijsBForfURuBsaEkqWzLzyLSzog.PNG/123.png?type=f120_120_na,2026-04-12 18:20:50
4d812b586ff63f8a2946e64fa860bbf5,하나코 나나,https://nng-phinf.pstatic.net/MjAyNTAxMjdfMTQ4/MDAxNzM3OTA4NjQ4NjQ4.kNvqxMvLcDx8_MIMJE64ikrwtsz5FQf1FyhTVMYVK_8g.tgMSgWMLciW3xhQoQ1vBSZjrzDiPYcOeBli7IAZOopYg.PNG/%EC%BA%A1%EC%B2%98.PNG?type=f120_120_na,2026-04-12 18:20:54
75cbf189b3bb8f9f687d2aca0d0a382b,한동숙,https://nng-phinf.pstatic.net/MjAyMzEyMTVfMTgx/MDAxNzAyNjAxMjEyMTYw.Hw6vs76aI0L1zeu4fziwXDE35gidFriwTSgAjq7KWxUg.0V3KaKvctGKcVYa76UiDVTXMjXeUSuUezHX6nGU4y9kg.PNG/123.png?type=f120_120_na,2026-04-12 18:20:58
6cac96d5c9b7a9fd28903aa32fc61749,행돌,https://nng-phinf.pstatic.net/MjAyMzEyMjZfMjEy/MDAxNzAzNTkwMzY5NzQx.u0mI1KdEfT8IRqVSZ-k8ReUDwv_rpjPjW2kdalO9i_Eg.NvbxSd6V8QN2zXE-vAM66AYe_S0RIBVrQQVSzFbzD8kg.PNG/%ED%96%89%EB%8F%8C.png?type=f120_120_na,2026-04-12 18:21:03
c0d9723cbb75dc223c6aa8a9d4f56002,허니츄러스,https://nng-phinf.pstatic.net/MjAyMzEyMjJfMTYz/MDAxNzAzMjI3OTA4NTQw.3DgYPlw_eoffjleZjbAvzsIGXqimSzztbVh5o6F9Cokg.BdROk8FHiRpdPt8_WuHpa7rs3m8z9elbIyEk4_K24v0g.PNG/%ED%97%88%EB%8B%88%EC%B8%84%EB%9F%AC%EC%8A%A4%ED%94%84%EB%A1%9C%ED%95%84.png?type=f120_120_na,2026-04-12 18:21:07
